index,market,amount_quote,open_long,open_short,max_amount_quote,max_amount_quote_safe,take_profit_long,take_profit_short,stop_loss_long,stop_loss_short,trailing_stop_loss_long,trailing_stop_loss_short,post_pyramid_scale,post_pyramid_raise_quote,max_volatility,annualized_net_return_percent,average_additional_trades,average_invested_timeframe,average_loss_per_trade,average_loss_percent,average_loss_series,average_loss_timeframe,average_profit_per_trade,average_profit_percent,average_profit_series,average_profit_timeframe,average_timeframe_not_invested,average_trade_size,average_trades_per_month,longest_loss_series,longest_profit_series,max_additional_trades,max_draw_down,max_invested_timeframe,max_loss,max_loss_percent,max_loss_timeframe,max_net_return,max_profit,max_profit_percent,max_profit_timeframe,max_timeframe_not_invested,max_trade_size,max_trades_per_month,min_additional_trades,min_invested_timeframe,min_loss,min_loss_percent,min_loss_timeframe,min_profit,min_profit_percent,min_profit_timeframe,min_timeframe_not_invested,min_trade_size,min_trades_per_month,profit_loss_ratio_percent,stability,total_additional_trades,total_loss_trades,total_net_return,total_net_return_percent,total_profit_trades,total_time_invested,total_time_loss_trades,total_time_not_invested,total_time_profit_trades,total_trades,total_volume_quote,fitness
0,Kraken-BTC-EUR,100.0,0.137851162761495,-0.23949389575229751,,100.0,,,,,-0.18112270329851443,-0.12889834676921813,,,1.0,1.9331633858149366,0.2,1905024.0,-11.818833173418525,-0.11849640666656289,1.0,16140.0,31.138404472586767,0.3111600324315307,1.75,2377245.0,297345.0,100.0520149124076,1.6666666666666667,1,3,1,0.07248620404448552,4700820.0,11.818833173418525,-0.11849640666656289,16140.0,61.504202774538655,61.504202774538655,0.6134469854138229,4700820.0,961560.0,100.26002661702479,3,1,16140.0,11.818833173418525,-0.11849640666656289,16140.0,9.05490994621185,0.09031425835143624,58800.0,0.0,99.74001327040699,1,4.0,21.657704041164575,1,1,112.73478471692854,1.1273478471692855,4,9525120.0,16140.0,8878080.0,9508980.0,5,500.26007456203797,1.2270332294892512
1,Kraken-BTC-EUR,100.0,0.08333777212596934,-0.2403199619078578,,100.0,,,,,-0.18429050118064355,-0.08333777212596934,,,1.0,1.8533770799645093,0.2857142857142857,1384714.2857142857,-11.898144981331498,-0.11886416023845442,1.0,26040.0,26.375647754747,0.26342277514918966,1.4,1928184.0,198320.0,100.03715240032318,2.3333333333333335,1,2,1,0.12507766593606195,4709460.0,16.439308300375316,-0.1639667335163975,44580.0,68.24356952534396,68.24356952534396,0.6806660598100965,4709460.0,961500.0,100.26002690276579,5,1,7500.0,7.35698166228768,-0.07376158696051134,7500.0,14.460235421438526,0.14422732436988428,10440.0,0.0,99.73999441216624,1,2.5,23.21228714185221,2,2,108.081948811072,1.08081948811072,5,9693000.0,52080.0,8710200.0,9640920.0,7,700.2600668022623,1.8883240529092398
2,Kraken-BTC-EUR,100.0,0.25,-0.1561604539854794,,100.0,,,,,-0.05,-0.0792120811025992,,,1.0,-0.393602288365183,0.2222222222222222,135780.0,-5.914385349221746,-0.059220535286779986,2.0,122760.0,4.177637919818442,0.041668035500331164,1.0,161820.0,1360245.0,100.02890159742142,1.8,4,1,1,0.2422042013325893,668640.0,8.84530432206816,-0.08868359397001202,668640.0,8.454989309227983,8.454989309227983,0.08433061573589269,426480.0,3302100.0,100.2600235575909,5,1,1200.0,3.379282481446566,-0.03388090777174728,1800.0,0.2336442979091089,0.002330383433182619,1200.0,46260.0,99.73998807548456,1,0.5,2.93963248637539,2,6,-22.95339833587515,-0.2295339833587515,3,1222020.0,736560.0,17181180.0,485460.0,9,900.2601143767928,1.906843976206956
3,Kraken-BTC-EUR,100.0,0.2485078919799581,-0.15131162750766133,,100.0,,,,,-0.11490908891690332,-0.16374882223251705,,,1.0,0.05131488086659437,0.1111111111111111,830200.0,-12.809155109159871,-0.12822155688944242,2.2,472260.0,16.759566379576782,0.16778398284445808,1.75,1277625.0,677227.5,100.02889422157794,1.8,4,3,1,0.3480264895413421,3644820.0,17.072326190481363,-0.17116824801865585,890880.0,47.916571408388485,47.916571408388485,0.4804148837234022,3644820.0,2332200.0,100.2600210546,5,1,7980.0,7.883763711928054,-0.07863317431017378,21720.0,2.2951123043966533,0.02289160361354488,7980.0,60.0,99.73998107014592,1,0.8,17.706971579694134,1,5,2.9924899725077623,0.029924899725077624,4,7471800.0,2361300.0,10931400.0,5110500.0,9,900.2600479942015,1.9242463706696846
4,Kraken-BTC-EUR,100.0,0.21629585933993326,-0.18176372325590545,,100.0,,,,,-0.051572317674799,-0.05,,,1.0,-0.5088677324064278,0.4444444444444444,24060.0,-4.911540832794598,-0.049106193319775185,1.7142857142857142,28397.14285714286,2.352771148515643,0.023491165602553064,1.0,8880.0,1556167.5,100.02889651324406,1.8,3,1,2,0.296752435325309,61020.0,5.9684631531870025,-0.05952983815355614,61020.0,3.764449532192316,3.764449532192316,0.037546871387975383,16500.0,4616880.0,100.26004849977238,5,2,720.0,3.1402442172113894,-0.03132099240126059,720.0,0.9410927648389702,0.009435459817130743,1260.0,33600.0,99.73997498311347,1,0.2857142857142857,2.8979159261109495,4,7,-29.6752435325309,-0.296752435325309,2,216540.0,198780.0,18186660.0,17760.0,9,900.2600686191965,1.9761029223903708
5,Kraken-BTC-EUR,100.0,0.22020361277185801,-0.18176372325590545,,100.0,,,,,-0.05,-0.05,,,1.0,-0.5145431888383926,0.4444444444444444,23893.333333333332,-4.970226803656764,-0.04969153178806905,1.7142857142857142,28191.428571428572,2.392686458578602,0.023889283574524463,1.0,8850.0,1556227.5,100.02889509154612,1.8,3,1,2,0.3000621470844014,59820.0,5.9684631531870025,-0.05952983815355614,59820.0,3.844280152318234,3.844280152318234,0.03834310733191818,16500.0,4616880.0,100.26004849977238,5,2,720.0,3.1402442172113894,-0.03132099240126059,720.0,0.9410927648389702,0.009435459817130743,1200.0,33600.0,99.73997498311347,1,0.2857142857142857,2.9583556847107317,4,7,-30.00621470844014,-0.3000621470844014,2,215040.0,197340.0,18188160.0,17700.0,9,900.2600558239151,1.9800745765012817
6,Kraken-BTC-EUR,100.0,0.13693756179996724,-0.212846651754912,,100.0,,,,,-0.10897729458090835,-0.13693756179996724,,,1.0,1.5086121117338327,0.2,1012620.0,-9.080213513339757,-0.0910388162400577,1.0,16320.0,24.264192994988353,0.2426075057563128,1.75,1261695.0,328965.0,100.05200479941213,2.5,1,3,1,0.051526788490078454,4291020.0,9.080213513339757,-0.0910388162400577,16320.0,45.756073681467235,45.756073681467235,0.45875335925974725,4291020.0,1037580.0,100.26001306869047,4,1,8100.0,9.080213513339757,-0.0910388162400577,16320.0,11.286599672446556,0.11257332082486585,8100.0,0.0,99.74002176606072,1,4.0,24.80779218031597,1,1,87.97655846661365,0.8797655846661365,4,5063100.0,16320.0,13340100.0,5046780.0,5,500.26002399706067,2.0324444342412296
7,Kraken-BTC-EUR,100.0,0.13030914916405478,-0.20421004468028534,,100.0,,,,,-0.13883905565620344,-0.13030914916405478,,,1.0,1.337721179082517,0.2,1030080.0,-9.080213513339757,-0.0910388162400577,1.0,16320.0,21.772764613418865,0.21776588736928779,1.75,1283520.0,308355.0,100.05200052347145,2.5,1,3,1,0.053177276820699185,4373640.0,9.080213513339757,-0.0910388162400577,16320.0,46.37310386437518,46.37310386437518,0.46493991654067024,4373640.0,955920.0,100.26001306869047,4,1,8880.0,9.080213513339757,-0.0910388162400577,16320.0,8.587473959952362,0.08565205546617441,8880.0,0.0,99.73999266272664,1,4.0,23.2123615935892,1,1,78.0108449403357,0.780108449403357,4,5150400.0,16320.0,13252800.0,5134080.0,5,500.26000261735726,2.063827014317622
8,Kraken-BTC-EUR,100.0,0.24318351374396713,-0.10954930496169883,,100.0,,,,,-0.05,-0.05771651360571012,,,1.0,-0.17188995414688452,0.3076923076923077,130684.61538461539,-4.4973178324403245,-0.04496605237032747,1.7142857142857142,88088.57142857143,3.5762086902866344,0.03573017955078856,1.6666666666666667,180380.0,1270855.0,100.02001379552597,2.1666666666666665,3,3,2,0.17600516528863264,536700.0,6.4377360867874955,-0.06454518696606934,350160.0,10.102056145836897,10.102056145836897,0.10075856595358018,536700.0,3641880.0,100.26005214642913,5,2,1020.0,2.636589130383612,-0.026297504080018744,1380.0,0.4911219085403218,0.0048984834768020765,1020.0,6780.0,99.7399866572815,1,0.8571428571428571,3.5462312862055656,4,7,-10.023972685362466,-0.10023972685362466,6,1698900.0,616620.0,16704300.0,1082280.0,13,1300.2601793418376,2.1384765668158567
9,Kraken-BTC-EUR,100.0,0.18689003599510484,-0.21371127121025452,,100.0,,,,,-0.13908972479379994,-0.07672066205461786,,,1.0,0.7222917753718617,0.2,993144.0,-3.370037519844587,-0.03378821720882494,1.0,7620.0,11.372841218031411,0.11369360282043514,1.75,1239525.0,335100.0,100.05200748741672,2.5,1,3,1,0.024960626546709535,4295940.0,3.370037519844587,-0.03378821720882494,7620.0,20.008856205429495,20.008856205429495,0.2006101642924548,4295940.0,958500.0,100.26002202832512,4,1,7620.0,3.370037519844587,-0.03378821720882494,7620.0,4.816191557115118,0.048037008766609525,8820.0,48060.0,99.73999211854519,1,4.0,10.871571727964145,1,1,42.12132735228106,0.42121327352281057,4,4965720.0,7620.0,13437480.0,4958100.0,5,500.26003743708355,2.1461005818351953
10,Kraken-BTC-EUR,100.0,0.170132428877254,-0.2240912501882921,,100.0,,,,,-0.15189264586503992,-0.170132428877254,,,1.0,1.0242902270687544,0.2,1019676.0,-13.760484310633728,-0.13796357097196044,1.0,55020.0,18.37330508625834,0.18381537375340368,1.75,1260840.0,304035.0,100.05201430259174,2.5,1,3,1,0.0848134694226255,4311840.0,13.760484310633728,-0.13796357097196044,55020.0,42.987120758830756,42.987120758830756,0.4309916580081839,4311840.0,977280.0,100.26003216801996,4,1,47520.0,13.760484310633728,-0.13796357097196044,55020.0,8.903510347159994,0.08880419300770355,47520.0,0.0,99.73998363256626,1,4.0,19.512907420430025,1,1,59.732736034399636,0.5973273603439964,4,5098380.0,55020.0,13304820.0,5043360.0,5,500.26007151295875,2.147133914377164
11,Kraken-BTC-EUR,100.0,0.12794968035445747,-0.23432268733871142,,100.0,,,,,-0.05814985058376965,-0.12794968035445747,,,1.0,0.7869286342855907,0.0,110844.0,-6.703952428190078,-0.06712304855756902,1.5,17190.0,19.766203202442103,0.1979342592468357,2.0,173280.0,1370670.0,100.05200264022055,2.5,2,3,,0.0841683734053352,355260.0,9.899246092630136,-0.09925050384381415,18300.0,45.277928555142964,45.277928555142964,0.4539595661409267,355260.0,5197680.0,100.2600166411548,4,,1560.0,3.50865876375002,-0.034995593271323906,16080.0,2.340376192556306,0.023343075966012927,1560.0,0.0,99.74000314619856,1,1.5,20.604976182916772,,2,45.890704750946156,0.45890704750946154,3,554220.0,34380.0,17848980.0,519840.0,5,500.26001320110277,2.1880794218119632
12,Kraken-BTC-EUR,100.0,0.20898597532173357,-0.25,,100.0,,,,,-0.11312966115288255,-0.07946058964004754,,,1.0,0.5859847866847867,0.2,966204.0,-8.532755748714223,-0.08554999775885012,1.0,7380.0,10.676293630118977,0.10669560328302602,1.75,1205910.0,365325.0,100.0520011907951,2.5,1,3,1,0.06566872359047841,4207140.0,8.532755748714223,-0.08554999775885012,7380.0,16.118114359519524,16.118114359519524,0.16160128137052526,4207140.0,1078200.0,100.26001208173105,4,1,7380.0,8.532755748714223,-0.08554999775885012,7380.0,2.2951123043966533,0.02289160361354488,7980.0,48180.0,99.73998798651648,1,4.0,5.563063265608754,1,1,34.172418771761684,0.34172418771761687,4,4831020.0,7380.0,13572180.0,4823640.0,5,500.26000595397545,2.2065845949161456
13,Kraken-BTC-EUR,100.0,0.14108839428160647,-0.18176372325590545,,100.0,,,,,-0.05075811776643421,-0.05,,,1.0,-0.1541605133778342,0.3333333333333333,39866.666666666664,-4.137318610168395,-0.041403746191478866,1.6666666666666667,32040.0,5.277950991773825,0.052658955366527836,1.0,55520.0,1349460.0,100.02888460725767,2.25,3,1,2,0.17327495770934015,148740.0,5.6852537615556,-0.05700072240006253,106020.0,12.971590038267948,12.971590038267948,0.1293795305375651,148740.0,4682640.0,100.26002661702479,5,1,720.0,1.083821839992325,-0.010810116990463097,720.0,0.9410927648389702,0.009435459817130743,1320.0,8640.0,99.73997498311347,1,0.5,3.635405976718531,3,6,-8.990058685688894,-0.08990058685688894,3,358800.0,192240.0,18044400.0,166560.0,9,900.259961465319,2.2079176379954726
14,Kraken-BTC-EUR,100.0,0.16089670592339367,-0.2342985744909544,,100.0,,,,,-0.091413663870683,-0.05,,,1.0,0.24101330551459396,0.6,155712.0,-3.274061124465206,-0.03275448455645371,1.3333333333333333,140780.0,11.938584373160303,0.11907625005247924,1.0,178110.0,1398375.0,100.05199929568731,2.5,2,1,2,0.06598597139962323,354720.0,5.197264974988926,-0.05210812647252893,289020.0,20.65358251288731,20.65358251288731,0.20600024072761086,354720.0,5065140.0,100.26002202832512,4,1,1500.0,0.5012928839908852,-0.00502599627208846,7500.0,3.223586233433295,0.032152259377347614,1500.0,13860.0,99.74000314619856,1,0.6666666666666666,11.151118200878301,3,3,14.054985372924989,0.14054985372924989,2,778560.0,422340.0,17624640.0,356220.0,5,500.25999647843656,2.2672224181408858
15,Kraken-BTC-EUR,100.0,0.13188771975953384,-0.22053851391904034,,100.0,,,,,-0.05393780135048097,-0.05,,,1.0,0.13836603884239024,0.0,68076.0,-3.9239341509443335,-0.0392251987618425,1.5,12900.0,5.305617635964178,0.052940247655031934,2.0,104860.0,1423740.0,100.0520084200668,2.5,2,3,,0.06770256528724584,160680.0,4.47783078204408,-0.044662180314860064,18180.0,12.494587439368317,12.494587439368317,0.12462187383327773,160680.0,5171820.0,100.26001306869047,4,,1440.0,3.370037519844587,-0.03378821720882494,7620.0,1.2493010075024955,0.012525572537188261,1440.0,8700.0,99.74002176606072,1,1.5,1.8615278419802124,,2,8.068984606003866,0.08068984606003866,3,340380.0,25800.0,18062820.0,314580.0,5,500.260042100334,2.2867253549405095
16,Kraken-BTC-EUR,100.0,0.24318351374396713,-0.19513899295751658,,100.0,,,,,-0.06304159903466755,-0.11077936226686708,,,1.0,0.14642675435724317,0.2,327660.0,-3.9139139208102214,-0.0391022934941405,1.3333333333333333,173000.0,10.140398420995318,0.10164647075527397,1.5,559650.0,975870.0,100.05199890685188,2.5,2,2,1,0.0885430310906666,1117920.0,6.814070289689198,-0.06796399790467551,457260.0,19.440169556994164,19.440169556994164,0.19490846875163065,1117920.0,3460740.0,100.26000550868544,4,1,1380.0,1.197769576929673,-0.01194663561038126,24600.0,0.8406272849964722,0.008384472758917308,1380.0,56220.0,99.73999427272973,1,0.6666666666666666,5.467297116709659,1,3,8.539055079559972,0.08539055079559972,2,1638300.0,519000.0,16764900.0,1119300.0,5,500.25999453425936,2.3040715627429202
17,Kraken-BTC-EUR,100.0,0.19843842999560118,-0.20467074837810612,,100.0,,,,,-0.06135428031093925,-0.10700843695216841,,,1.0,0.07267875162900714,0.2,92508.0,-5.053018905999636,-0.050516582465108505,1.3333333333333333,44140.0,9.698703457832927,0.09721798524267058,1.5,165060.0,1387230.0,100.05201101124534,2.5,2,2,1,0.09703062682829125,328740.0,6.775210030700748,-0.0679287001419745,71940.0,18.556779630669382,18.556779630669382,0.18605149772642388,328740.0,5167980.0,100.26001756575253,4,1,1380.0,3.957887819324398,-0.03947624281950847,15840.0,0.8406272849964722,0.008384472758917308,1380.0,39840.0,99.74001745449999,1,0.6666666666666666,6.077062918157871,1,3,4.238350197666946,0.042383501976669465,2,462540.0,132420.0,17940660.0,330120.0,5,500.2600550562267,2.324612513552461
18,Kraken-BTC-EUR,100.0,0.21709557075355895,-0.2343920650838581,,100.0,,,,,-0.06208852159843259,-0.17762970443658016,,,1.0,0.28470889336279837,0.2,100788.0,-8.826255495426357,-0.08828852031230898,1.3333333333333333,49080.0,21.540956725175956,0.21594930280999647,1.5,178350.0,1376235.0,100.05198416706631,2.5,2,2,1,0.14941547541324413,355320.0,14.702497957699734,-0.1474082285064845,69420.0,42.24128616535544,42.24128616535544,0.42351413286107564,355320.0,5197500.0,100.26000550868544,4,1,1380.0,5.780257294380235,-0.05765268932464903,22560.0,0.8406272849964722,0.008384472758917308,1380.0,60.0,99.73996825086296,1,0.6666666666666666,14.297584716235523,1,3,16.60314696407284,0.16603146964072843,2,503940.0,147240.0,17899260.0,356700.0,5,500.2599208353315,2.334664486979701
19,Kraken-BTC-EUR,100.0,0.19385066593184838,-0.18176372325590545,,100.0,,,,,-0.05,-0.05,,,1.0,-0.44657370524378726,0.4444444444444444,28233.333333333332,-4.403980592425673,-0.04404375616040611,1.7142857142857142,33771.42857142857,2.392686458578602,0.023889283574524463,1.0,8850.0,1353120.0,100.02889032275719,2.25,3,1,2,0.260424912298225,73200.0,5.6852537615556,-0.05700072240006253,73200.0,3.844280152318234,3.844280152318234,0.03834310733191818,16500.0,4616880.0,100.26001756575253,5,2,720.0,2.516377125361572,-0.025098519140020568,720.0,0.9410927648389702,0.009435459817130743,1200.0,33600.0,99.73997498311347,1,0.2857142857142857,3.2219619233192662,4,7,-26.042491229822502,-0.260424912298225,2,254100.0,236400.0,18149100.0,17700.0,9,900.2600129048147,2.33750989475787
20,Kraken-BTC-EUR,100.0,0.1610970467215973,-0.25,,100.0,,,,,-0.05595225434521155,-0.06939373307531266,,,1.0,0.11289652510376616,0.2,92052.0,-5.143007211355164,-0.05144460836372231,1.3333333333333333,58700.0,11.006360214308884,0.1101972334140819,1.5,142080.0,1392525.0,100.0519977354545,2.5,2,2,1,0.12304497678681138,282720.0,8.532755748714223,-0.08554999775885012,155700.0,16.118114359519524,16.118114359519524,0.16160128137052526,282720.0,5214780.0,100.26002202832512,4,1,1440.0,0.47433365477101574,-0.00473103723595136,7380.0,5.894606069098245,0.05879318545763854,1440.0,13860.0,99.73998798651648,1,0.6666666666666666,3.766183052047154,1,3,6.5836987945522765,0.06583698794552277,2,460260.0,176100.0,17942940.0,284160.0,5,500.25998867727253,2.3409893827244734
21,Kraken-BTC-EUR,100.0,0.21709557075355895,-0.20467074837810612,,100.0,,,,,-0.06208852159843259,-0.10700843695216841,,,1.0,0.014505884139432037,0.2,87588.0,-6.183826186426695,-0.061795344190805644,1.3333333333333333,35940.0,9.698703457832927,0.09721798524267058,1.5,165060.0,1392735.0,100.05199666983435,2.5,2,2,1,0.1107170440860185,328740.0,6.775210030700748,-0.0679287001419745,69420.0,18.556779630669382,18.556779630669382,0.18605149772642388,328740.0,5167920.0,100.26000550868544,4,1,1380.0,5.780257294380235,-0.05765268932464903,15840.0,0.8406272849964722,0.008384472758917308,1380.0,56220.0,99.74001745449999,1,0.6666666666666666,6.418975412391987,1,3,0.8459283563857696,0.008459283563857696,2,437940.0,107820.0,17965260.0,330120.0,5,500.25998334917176,2.347107554608259
22,Kraken-BTC-EUR,100.0,0.1967076743774508,-0.18176372325590545,,100.0,,,,,-0.05,-0.05,,,1.0,-0.4649667600201393,0.4444444444444444,27013.333333333332,-4.557211086895721,-0.045572086598960664,1.7142857142857142,32202.85714285714,2.392686458578602,0.023889283574524463,1.0,8850.0,1353142.5,100.02889174065639,2.25,3,1,2,0.27115104691112846,62400.0,5.765370056225521,-0.057504179521065416,62400.0,3.844280152318234,3.844280152318234,0.03834310733191818,16500.0,4616880.0,100.26001769338352,5,2,720.0,2.8490052187727457,-0.02841617219699718,720.0,0.9410927648389702,0.009435459817130743,1200.0,33600.0,99.73997498311347,1,0.2857142857142857,3.2658765323695635,4,7,-27.115104691112847,-0.27115104691112846,2,243120.0,225420.0,18160080.0,17700.0,9,900.2600256659075,2.350381256293354
23,Kraken-BTC-EUR,100.0,0.19843842999560118,-0.18176372325590545,,100.0,,,,,-0.05,-0.05,,,1.0,-0.4649667600201393,0.4444444444444444,27013.333333333332,-4.557211086895721,-0.045572086598960664,1.7142857142857142,32202.85714285714,2.392686458578602,0.023889283574524463,1.0,8850.0,1353142.5,100.02889174065639,2.25,3,1,2,0.27115104691112846,62400.0,5.765370056225521,-0.057504179521065416,62400.0,3.844280152318234,3.844280152318234,0.03834310733191818,16500.0,4616880.0,100.26001769338352,5,2,720.0,2.8490052187727457,-0.02841617219699718,720.0,0.9410927648389702,0.009435459817130743,1200.0,33600.0,99.73997498311347,1,0.2857142857142857,3.2658765323695635,4,7,-27.115104691112847,-0.27115104691112846,2,243120.0,225420.0,18160080.0,17700.0,9,900.2600256659075,2.350381256293354
24,Kraken-BTC-EUR,100.0,0.21709557075355895,-0.2343920650838581,,100.0,,,,,-0.06208852159843259,-0.18872651486903222,,,1.0,0.24755059578161961,0.2,100848.0,-9.548566002822303,-0.09553045380097137,1.3333333333333333,49180.0,21.540956725175956,0.21594930280999647,1.5,178350.0,1376160.0,100.05198416706631,2.5,2,2,1,0.16522258239621518,355320.0,16.86942947988757,-0.16913402897247173,69420.0,42.24128616535544,42.24128616535544,0.42351413286107564,355320.0,5197500.0,100.26000550868544,4,1,1380.0,5.780257294380235,-0.05765268932464903,22560.0,0.8406272849964722,0.008384472758917308,1380.0,60.0,99.73996825086296,1,0.6666666666666666,13.214118955141604,1,3,14.436215441885004,0.14436215441885003,2,504240.0,147540.0,17898960.0,356700.0,5,500.2599208353315,2.3553916778309385
25,Kraken-BTC-EUR,100.0,0.19843842999560118,-0.20467074837810612,,100.0,,,,,-0.07009247615538514,-0.059038150661258615,,,1.0,-0.15865904246999338,0.2,79620.0,-4.157866479926743,-0.04152925126162945,1.3333333333333333,79560.0,1.6106017669662833,0.01612614370016912,1.5,79710.0,1419390.0,100.05201101124534,2.5,2,2,1,0.09252395905847663,158040.0,4.899485756692528,-0.048867804811843454,122220.0,2.3805762489360944,2.3805762489360944,0.023867814641420935,158040.0,5117700.0,100.26001756575253,4,1,1380.0,3.370037519844587,-0.03378821720882494,7620.0,0.8406272849964722,0.008384472758917308,1380.0,48060.0,99.74001745449999,1,0.6666666666666666,0.2732878037686959,1,3,-9.252395905847663,-0.09252395905847663,2,398100.0,238680.0,18005100.0,159420.0,5,500.2600550562267,2.361028750870172
26,Kraken-BTC-EUR,100.0,0.1967076743774508,-0.18176372325590545,,100.0,,,,,-0.14522144449059265,-0.18872651486903222,,,1.0,-0.09420101899877761,0.3333333333333333,1161560.0,-14.836534895564313,-0.1484934626018642,1.8,898548.0,17.172306740828446,0.1718750983675748,1.75,1490325.0,548955.0,100.02889174065639,2.25,3,3,3,0.40684473950214883,4285680.0,19.8179172853431,-0.19869581049575044,3836940.0,45.947951303830585,45.947951303830585,0.4606773894981408,4285680.0,4333920.0,100.26001769338352,6,3,29040.0,10.04830179215071,-0.10074495451727736,29040.0,4.776462509809278,0.047640756506795695,46920.0,0.0,99.73997498311347,1,0.8,14.260830369413721,3,5,-5.493447514507771,-0.05493447514507771,4,10454040.0,4492740.0,7949160.0,5961300.0,9,900.2600256659075,2.4076406080954573
27,Kraken-BTC-EUR,100.0,0.21709557075355895,-0.2342985744909544,,100.0,,,,,-0.06208852159843259,-0.05,,,1.0,-0.28524137193478954,0.4,45336.0,-4.368706596889787,-0.04364786379376496,1.5,56325.0,0.8406272849964722,0.008384472758917308,1.0,1380.0,1445550.0,100.05199114613342,2.5,2,1,2,0.16634199102562675,125820.0,5.996011234199102,-0.0598046431057934,125820.0,0.8406272849964722,0.8406272849964722,0.008384472758917308,1380.0,5197440.0,100.26000550868544,4,2,1380.0,0.5012928839908852,-0.00502599627208846,7500.0,0.8406272849964722,0.008384472758917308,1380.0,70140.0,99.74000314619856,1,0.25,2.3210883170822356,2,4,-16.634199102562675,-0.16634199102562675,1,226680.0,225300.0,18176520.0,1380.0,5,500.2599557306671,2.449610389230752
28,Kraken-BTC-EUR,100.0,0.21709557075355895,-0.25,,100.0,,,,,-0.05,-0.05,,,1.0,-0.29038933313563015,0.4,40080.0,-5.194672225477863,-0.05195856176064555,1.5,49800.0,3.844280152318234,0.03834310733191818,1.0,1200.0,1452105.0,100.0519895859006,2.5,2,1,2,0.16934408749593216,109500.0,8.532755748714223,-0.08554999775885012,109500.0,3.844280152318234,3.844280152318234,0.03834310733191818,1200.0,5223360.0,100.26000550868544,4,2,1200.0,2.739630832205691,-0.027467720050339418,7380.0,3.844280152318234,0.03834310733191818,1200.0,70140.0,99.73998798651648,1,0.25,3.7807750438980605,2,4,-16.934408749593217,-0.16934408749593216,1,200400.0,199200.0,18202800.0,1200.0,5,500.259947929503,2.4532129049951186
29,Kraken-BTC-EUR,100.0,0.0971750856074732,-0.21740373470498348,,100.0,,,,,-0.05,-0.07794667911770856,,,1.0,0.9169623549975063,0.14285714285714285,84411.42857142857,-2.6062185846320935,-0.02605300871213594,1.3333333333333333,9440.0,15.323108949731349,0.15334012812383988,1.5,140640.0,919540.0,100.03715316553982,3.5,2,2,1,0.027876627194020363,325680.0,3.49421769390689,-0.03485155172309581,20400.0,19.583189318380803,19.583189318380803,0.1963423351877824,325680.0,5180400.0,100.2600320832,6,1,300.0,0.9544005401448032,-0.009519257204487073,300.0,5.972756366665209,0.05957269272807572,1440.0,120.0,99.74002176606072,1,1.3333333333333333,20.76413365584935,1,3,53.473780045029116,0.5347378004502912,4,590880.0,28320.0,17812320.0,562560.0,7,700.2600721587787,3.014667624339531
30,Kraken-BTC-EUR,100.0,0.07794667911770856,-0.20467074837810612,,100.0,,,,,-0.06793753132552215,-0.05,,,1.0,0.3993506348852858,0.2857142857142857,100465.71428571429,-5.980543140179307,-0.05973794902041771,1.0,4080.0,7.04994129333748,0.07039597458476629,1.4,139020.0,946580.0,100.03715034579929,3.5,1,2,1,0.07870137332658249,444180.0,8.591048760514028,-0.08568768083201048,7620.0,16.126882274137813,16.126882274137813,0.1608506127946667,444180.0,5166660.0,100.26003502843777,6,1,420.0,3.370037519844587,-0.03378821720882494,540.0,3.230084780833579,0.0323850432681857,420.0,0.0,99.73998069183212,1,2.5,5.714307859197675,2,2,23.288620186328785,0.23288620186328785,5,703260.0,8160.0,17699940.0,695100.0,7,700.260052420595,3.1509653754349376
31,Kraken-BTC-EUR,100.0,0.10137932599175811,-0.25,,100.0,,,,,-0.05595225434521155,-0.06631370395921214,,,1.0,0.009402447323494397,0.2857142857142857,55028.57142857143,-5.218986703896395,-0.05222108067989193,1.5,36105.0,7.141420672948267,0.07128834933063491,1.3333333333333333,80260.0,953770.0,100.03714187365621,3.5,2,2,2,0.10566261980437289,233160.0,8.532755748714223,-0.08554999775885012,117780.0,12.99860155133696,12.99860155133696,0.1296489132148798,233160.0,5214780.0,100.26001166545151,6,2,300.0,1.2483741515408013,-0.012451366700591908,300.0,3.4233717122995273,0.03432296344903881,1620.0,4860.0,99.73998070948609,1,0.75,4.728131153578701,2,4,0.5483152032592216,0.005483152032592215,3,385200.0,144420.0,18018000.0,240780.0,7,700.2599931155935,3.243451412214158
32,Kraken-BTC-EUR,100.0,0.19843842999560118,-0.15163889430156538,,100.0,,,,,-0.05,-0.09485451466526718,,,1.0,-0.42703038774771523,0.23076923076923078,137935.38461538462,-5.691796963603627,-0.05694520475849196,3.2,48654.0,10.671723614452125,0.10692876410411561,1.3333333333333333,435540.0,772925.0,100.02001047599751,3.25,7,2,2,0.40600149341991776,1276860.0,10.059975844941832,-0.10086196932253784,128040.0,25.431307583788794,25.431307583788794,0.25497593873437036,1276860.0,4229340.0,100.2600210546,9,1,1080.0,2.8490052187727457,-0.02841617219699718,1080.0,2.739583107249345,0.027467246246058282,1200.0,27960.0,99.73998807548456,1,0.3,5.559588958275177,3,10,-24.902798792679903,-0.24902798792679903,3,1793160.0,486540.0,16610040.0,1306620.0,13,1300.2601361879676,3.3651097404559662
33,Kraken-BTC-EUR,100.0,0.10821435367582602,-0.18176372325590545,,100.0,,,,,-0.06208852159843259,-0.07794667911770856,,,1.0,0.09144340143576397,0.36363636363636365,86918.18181818182,-6.437817988841168,-0.0644172747546123,1.5,112690.0,8.7919083220409,0.08794622774853932,1.4,55992.0,991140.0,100.02363924789529,3.6666666666666665,2,2,2,0.17075183540544298,636660.0,8.84530432206816,-0.08868359397001202,636660.0,23.59116679077053,23.59116679077053,0.23652667169722663,166080.0,4616820.0,100.26003977444537,8,2,300.0,1.0176828242093876,-0.010150436508722849,300.0,0.9410927648389702,0.009435459817130743,1620.0,360.0,99.73997498311347,1,0.8333333333333334,13.721156399942911,4,6,5.332633677157489,0.05332633677157489,5,956100.0,676140.0,17447100.0,279960.0,11,1100.2600317268482,3.437678750833426
34,Kraken-BTC-EUR,100.0,0.07794667911770856,-0.18176372325590545,,100.0,,,,,-0.07699416923362283,-0.07794667911770856,,,1.0,0.31910379920532117,0.3076923076923077,141475.38461538462,-7.566323437319627,-0.07567306565291433,1.3333333333333333,178380.0,9.143838363531556,0.09147442962270633,1.5714285714285714,109842.85714285714,775885.0,100.02000380957087,4.333333333333333,2,3,2,0.12738346773470524,636660.0,8.84530432206816,-0.08868359397001202,636660.0,23.59116679077053,23.59116679077053,0.23652667169722663,519120.0,4551240.0,100.26003502843777,10,1,540.0,6.02617597023017,-0.060105506972173796,540.0,0.4417537868831829,0.004406081657710915,2100.0,0.0,99.73997498311347,1,1.1666666666666667,17.779820047158683,4,6,18.608927920803126,0.18608927920803126,7,1839180.0,1070280.0,16564020.0,768900.0,13,1300.2600495244212,3.9588183371988253
35,Kraken-BTC-EUR,100.0,0.07794667911770856,-0.18176372325590545,,100.0,,,,,-0.05,-0.07794667911770856,,,1.0,0.45223829956879324,0.3076923076923077,106430.76923076923,-5.835094016523148,-0.058376235825322365,1.5714285714285714,126908.57142857143,11.203081180725919,0.11205898016479217,1.3333333333333333,82540.0,802155.0,100.02000380957087,4.333333333333333,3,2,2,0.15700905613993435,636660.0,8.84530432206816,-0.08868359397001202,636660.0,23.59116679077053,23.59116679077053,0.23652667169722663,433320.0,4705560.0,100.26003502843777,10,1,420.0,2.8838457634698926,-0.028763665791854777,420.0,0.9410927648389702,0.009435459817130743,1920.0,0.0,99.73997498311347,1,0.8571428571428571,19.29203102520831,4,7,26.372828968693483,0.26372828968693485,6,1383600.0,888360.0,17019600.0,495240.0,13,1300.2600495244212,3.9621896636198604
36,Kraken-BTC-EUR,100.0,0.21629585933993326,-0.08632503064158059,,100.0,,,,,-0.05,-0.19144378245084848,,,1.0,-1.7357242909062502,0.6521739130434783,515517.39130434784,-8.988393724183036,-0.09000903328943254,3.263157894736842,501786.3157894737,17.389649521626353,0.17413594434465582,1.25,580740.0,255610.9090909091,100.01130497457673,3.2857142857142856,8,2,8,1.0095082732760952,4759080.0,20.012795721507587,-0.20064968981275003,4759080.0,51.609559609205014,51.609559609205014,0.5174408224146345,2126700.0,2157600.0,100.26004849977238,12,3,960.0,0.65154507366384,-0.006498555721254984,960.0,1.5010653125239202,0.015049785301514317,1200.0,60.0,99.73995878364188,1,0.21052631578947367,7.697439787793938,15,19,-101.2208826729723,-1.012208826729723,4,11856900.0,9533940.0,6546300.0,2322960.0,23,2300.260014415265,4.16936295111026
37,Kraken-BTC-EUR,100.0,0.10210918306466613,-0.16913857382582229,,100.0,,,,,-0.07699416923362283,-0.07794667911770856,,,1.0,-0.1739842426527114,0.3076923076923077,106481.53846153847,-6.979844463304227,-0.06981215659214234,2.0,110077.5,9.13853040562475,0.09142535346657378,1.4,100728.0,796395.0,100.01999467837905,4.333333333333333,4,2,2,0.27193357398507584,666600.0,11.337771931973776,-0.11308370296118887,666600.0,24.698202107205745,24.698202107205745,0.24762589047748815,310320.0,4190520.0,100.26002686867739,10,2,360.0,1.371628552964097,-0.013680712002607818,360.0,1.9390733175395525,0.019441284307150798,1620.0,300.0,99.73997845616,1,0.625,9.433154788568968,4,8,-10.14610367831007,-0.1014610367831007,5,1384260.0,880620.0,17018940.0,503640.0,13,1300.2599308189276,4.175178527621498
38,Kraken-BTC-EUR,100.0,0.1088049075523489,-0.11583471165670725,,100.0,,,,,-0.05,-0.1088049075523489,,,1.0,-0.3781169428857003,0.7407407407407407,287633.3333333333,-5.568278113441904,-0.05574833080773589,5.05,287220.0,12.759315824866604,0.12769205977533668,1.2857142857142858,288814.28571428574,377259.23076923075,100.00963237753456,4.5,12,2,12,0.5935448355335187,3862380.0,11.598834095574489,-0.1162906807071318,3862380.0,26.66898101743179,26.66898101743179,0.26738493112166,1360440.0,4145820.0,100.26003977444537,17,1,240.0,0.169498295302688,-0.001690587684153385,240.0,0.8865276661026087,0.008842287053871519,1440.0,0.0,99.739957535695,1,0.35,12.430401667623183,20,20,-22.050351494771846,-0.22050351494771847,7,7766100.0,5744400.0,10637100.0,2021700.0,27,2700.260074193433,4.650341406464483
39,Kraken-BTC-EUR,100.0,0.07794667911770856,-0.10437937300794381,,100.0,,,,,-0.07062123177060553,-0.07794667911770856,,,1.0,-0.4156032199021087,0.6,255226.2857142857,-5.73903855581463,-0.05738939522392295,2.4782608695652173,163338.26086956522,8.980123103774774,0.08981931707713912,1.25,431345.0,178002.35294117648,100.00743516907744,5.833333333333333,7,2,7,0.46398785961711103,1719660.0,8.591048760514028,-0.08568768083201048,950280.0,25.901136919481814,25.901136919481814,0.2596865675058149,1719660.0,1293720.0,100.26003502843777,21,1,540.0,0.1844053615755996,-0.0018488604406437469,540.0,1.5644631228414454,0.015604057667623,2100.0,0.0,99.73996369334337,1,0.5217391304347826,13.384821480720916,21,23,-24.23640953843919,-0.2423640953843919,12,8932920.0,3756780.0,9470280.0,5176140.0,35,3500.2602309177105,5.740298302270718
40,Kraken-BTC-EUR,100.0,0.05644344089324826,-0.11443659716311977,,100.0,,,,,-0.10019143201871375,-0.05,,,1.0,-0.4479910859769521,0.5789473684210527,232122.63157894736,-5.95823692564445,-0.059534572520235966,2.0434782608695654,85168.69565217392,7.394286784722528,0.07382932191562232,1.3333333333333333,457452.0,145287.56756756757,100.00000616557419,6.333333333333333,5,3,5,0.7128635008804383,1818000.0,12.437600058801223,-0.12405344311384497,514380.0,28.15423253160364,28.15423253160364,0.2808122792130044,1818000.0,2791080.0,100.26004454150758,28,1,180.0,0.3763756879417741,-0.003773568235417071,180.0,0.28896250893400577,0.002897158932823805,300.0,0.0,99.739957535695,1,0.6521739130434783,23.92698967266907,22,23,-26.125147518984477,-0.26125147518984476,15,8820660.0,1958880.0,9582540.0,6861780.0,38,3800.000234291819,6.419952593349348
41,Kraken-BTC-EUR,100.0,0.07794667911770856,-0.08630140998888752,,100.0,,,,,-0.05,-0.05,,,1.0,-0.6546268698256859,0.6470588235294118,116281.17647058824,-4.226831011484284,-0.04228845447370569,2.1818181818181817,81983.63636363637,5.628336536905595,0.05622160758625868,1.1666666666666667,179160.0,238449.6,100.00509892020553,7.285714285714286,6,2,6,0.5436873514467803,668220.0,6.547386710489548,-0.06564455715360117,358080.0,19.58468248692239,19.58468248692239,0.19533894561023338,668220.0,1835880.0,100.26003502843777,28,1,180.0,0.7336395656786863,-0.007355520268820055,180.0,0.2535894685350115,0.002529318041351392,1020.0,0.0,99.73995878364188,2,0.5454545454545454,7.631056828183822,33,33,-38.17536571468065,-0.38175365714680654,18,5930340.0,2705460.0,12472860.0,3224880.0,51,5100.260044930482,7.160987570589001
42,Kraken-BTC-EUR,100.0,0.06191043040146034,-0.09561290456285235,,100.0,,,,,-0.05,-0.051848812099539385,,,1.0,-0.9752840518610252,0.5686274509803921,106696.4705882353,-4.399747537360092,-0.04400864512236178,2.1818181818181817,82220.0,4.90648820443314,0.04903464918473392,1.2222222222222223,151570.0,190538.4,100.00510077731046,8.5,7,3,7,0.6064656976112637,756240.0,6.667837042402638,-0.06685218996233681,756240.0,19.58468248692239,19.58468248692239,0.19533894561023338,693720.0,1283820.0,100.26003985976664,30,1,180.0,0.3176373422490144,-0.0031681364942393814,180.0,0.24149522395894962,0.002408689404731557,540.0,0.0,99.739958692679,2,0.5454545454545454,8.905001727964388,29,33,-56.87488105308648,-0.5687488105308648,18,5441520.0,2713260.0,12961680.0,2728260.0,51,5100.260139642834,8.366443771009397
43,Kraken-BTC-EUR,100.0,0.10210918306466613,-0.05069986264703001,,100.0,,,,,-0.05069986264703001,-0.051848812099539385,,,1.0,-0.5766171643536822,0.6721311475409836,116160.98360655738,-3.441707737812009,-0.034428838983221785,2.8333333333333335,108961.42857142857,5.838188976716984,0.05834834930669338,1.4736842105263157,132075.7894736842,180725.0,99.99573792360376,8.714285714285714,8,4,8,0.6290508400315318,652680.0,7.215801168763136,-0.0719708859986012,652680.0,17.819293719063126,17.819293719063126,0.1777308498424734,585960.0,4466880.0,100.26002686867739,32,1,240.0,0.1980609677729177,-0.001975473228863007,240.0,0.1900617956037678,0.0019055718466380784,360.0,0.0,99.73996858190002,2,0.4523809523809524,10.471833166088443,41,42,-33.62613443048167,-0.3362613443048167,19,7085820.0,4576380.0,11317380.0,2509440.0,61,6099.740013339829,8.509881302176966
44,Kraken-BTC-EUR,100.0,0.05,-0.08630140998888752,,100.0,,,,,-0.08228858650792124,-0.05,,,1.0,-1.1691068892514194,0.5454545454545454,223582.72727272726,-5.524937649851602,-0.05523457343218609,2.1707317073170733,133833.65853658537,6.333781880890893,0.06327125326713556,1.28,370771.2,12899.076923076924,99.999996385796,9.428571428571429,7,3,7,0.8993676957940698,1788000.0,9.082679521744879,-0.09059125094335871,1050120.0,25.0620959736101,25.0620959736101,0.2499709700840282,1788000.0,601080.0,100.26004035465,38,1,180.0,0.7336395656786863,-0.007355520268820055,180.0,0.4105721722394833,0.004116425305664595,420.0,0.0,99.73995878364188,1,0.6097560975609756,17.720599717599534,36,41,-68.17789662164334,-0.6817789662164334,25,14756460.0,5487180.0,3646740.0,9269280.0,66,6599.999761462535,9.499678901793878
45,Kraken-BTC-EUR,100.0,0.07794667911770856,-0.05,,100.0,,,,,-0.05,-0.05,,,1.0,-0.5913939840457199,0.6666666666666666,122646.89655172414,-3.194679610671775,-0.03194724336617457,2.5762711864406778,93216.61016949153,5.499936939464187,0.054956188639326074,1.3214285714285714,184660.7142857143,84408.13953488372,99.99701641956443,12.428571428571429,8,3,8,0.5053585000953799,788640.0,5.841636401546822,-0.05829955383166306,652200.0,21.78465427528714,21.78465427528714,0.21728166895984988,788640.0,1835880.0,100.2600368370279,48,1,360.0,0.1088834589473322,-0.0010916730937919983,420.0,0.0307837526260073,0.00030863992150983186,360.0,0.0,99.73996302917472,3,0.4745762711864407,12.92710781965035,58,59,-34.487862724637466,-0.34487862724637464,28,10670280.0,5499780.0,7732920.0,5170500.0,87,8699.740428502106,11.74400052397404
46,Kraken-BTC-EUR,100.0,0.07794667911770856,-0.05,,100.0,,,,,-0.05,-0.05,,,1.0,-0.5913939840457199,0.6666666666666666,122646.89655172414,-3.194679610671775,-0.03194724336617457,2.5762711864406778,93216.61016949153,5.499936939464187,0.054956188639326074,1.3214285714285714,184660.7142857143,84408.13953488372,99.99701641956443,12.428571428571429,8,3,8,0.5053585000953799,788640.0,5.841636401546822,-0.05829955383166306,652200.0,21.78465427528714,21.78465427528714,0.21728166895984988,788640.0,1835880.0,100.2600368370279,48,1,360.0,0.1088834589473322,-0.0010916730937919983,420.0,0.0307837526260073,0.00030863992150983186,360.0,0.0,99.73996302917472,3,0.4745762711864407,12.92710781965035,58,59,-34.487862724637466,-0.34487862724637464,28,10670280.0,5499780.0,7732920.0,5170500.0,87,8699.740428502106,11.74400052397404
47,Kraken-BTC-EUR,100.0,0.05,-0.0689303021910264,,100.0,,,,,-0.0689303021910264,-0.05,,,1.0,-1.795076768050402,0.6938775510204082,182850.61224489796,-4.571615339834142,-0.04571174948646341,3.101449275362319,124901.73913043478,7.267564260554783,0.07260852765719301,1.3103448275862069,320728.9655172414,0.0,99.99999877400782,14.0,9,3,9,1.1028986473132236,2309880.0,8.793835543846143,-0.08771031346630248,857700.0,23.020459402730253,23.020459402730253,0.22960764730849986,2309880.0,0.0,100.26004494244735,56,1,240.0,0.5779940516600277,-0.0057950100038139515,240.0,0.6000950405496184,0.006016593037733616,660.0,0.0,99.7399575289127,3,0.42028985507246375,24.430222322789845,68,69,-104.68209489246699,-1.0468209489246698,29,17919360.0,8618220.0,483840.0,9301140.0,98,9799.999879852767,13.906655067259301
48,Kraken-BTC-EUR,100.0,0.05644344089324826,-0.05,,100.0,,,,,-0.05,-0.05,,,1.0,-0.7787377263711851,0.6434782608695652,143496.0,-3.4496079831890243,-0.03449687434165844,2.2,101131.2,5.332688919765782,0.05328568130746446,1.225,222930.0,12520.526315789473,99.99774158712837,16.428571428571427,7,3,7,0.6868997130125499,1871520.0,7.347203443002243,-0.07328149049760244,766320.0,24.317430364224165,24.317430364224165,0.24254375163409833,1871520.0,430620.0,100.26004454150758,66,1,240.0,0.04061711504286336,-0.0004051178816695961,240.0,0.0018588323783319538,1.8540117388948207e-05,360.0,0.0,99.7399544502381,3,0.5333333333333333,18.603889150319578,74,75,-45.4130419485455,-0.45413041948545496,40,16502040.0,7584840.0,1901160.0,8917200.0,115,11499.740282519762,15.540163153271216
49,Kraken-BTC-EUR,100.0,0.05,-0.05,,100.0,,,,,-0.05,-0.05,,,1.0,-0.8219388675286657,0.6535433070866141,141176.22047244094,-3.4561488629185573,-0.034562471754674785,2.3214285714285716,98883.57142857143,5.636840353682167,0.056329290108186485,1.2093023255813953,223794.41860465117,0.0,99.99795286248079,18.142857142857142,7,3,7,0.6932322138215984,2302140.0,6.6624096996699365,-0.06645132643359503,773700.0,25.273324234701292,25.273324234701292,0.252077876278456,2302140.0,0.0,100.26004494244735,73,1,240.0,0.04061711504286336,-0.0004051178816695961,240.0,0.0307837526260073,0.00030863992150983186,360.0,0.0,99.7399544502381,3,0.5119047619047619,16.762972303343798,83,84,-47.93236927682568,-0.4793236927682568,43,17929380.0,8306220.0,473820.0,9623160.0,127,12699.74001353506,17.096277528841345
